110826,30/12/14,9762,JUAN ANTONIO SANCHEZ GOMEZ,CA-0256-BG RENAULT CLIO G.,62627,JOSE
110826,2797,PINCHAZO TRASERA DCHA,1,"6,6116",,
,,,,,,
110815,30/12/14 18:21,9761,FRANCISCA SANDUBETE MARIN,6131-CRS OPEL AGILA G.,26121,JESUS
110815,4364,155/65 TR14 MABOR STREET-JET 2  75T (By Continental),4,"39,7438",,
,,,,,,
110809,30/12/14 17:43,9759,ESTHER SICILIA PIERA,6351-FWT CHRYSLER VOYAGER D.,97136,LUIS
110809,0,SE LE CRUZAN LAS RUEDAS ,1,0,,
110809,2761,ALINEACI�N DE DIRECCION,1,"24,7934",,
,,,,,,
110805,30/12/14 17:16,9758,JUAN FELIPE SANCHEZ DAVILA,9028-GKJ VOLKSWAGWEN POLO GASOLINA,27017,ANTONIO
110805,3314,PULIMENTADO DE FAROS,2,"12,3967",,
,,,,,,
110803,30/12/14 17:12,9757,JACINTO JIMENEZ RUIZ,0027-CKW FORD FOCUS FAM. D.,190508,LUIS
110803,4539,BATERIA VIPIEMME 12v 77AH   680EN +DCHA CON VISOR DE CARGA,1,"64,9587",,
110803,3148,JUNTA ANTISULFATO,1,"1,9835",,
,,,,,,
110802,30/12/14 17:05,9756,JUAN GUERRA HERRERA,3224-GHS OPEL ZAFIRA DIESEL,92285,JUAN DIEGO
110802,0,TIRANTAS 5002667,2,"20,6612",,
110802,2794,MANO DE OBRA,1,"16,5289",,
,,,,,,
110799,30/12/14 17:00,9754,MARIA DEL CARMEN CARRASCO VASCOS,8424-FTZ SKODA OCTAVIA D.,132608,JOSE
110799,2797,PINCHAZO DELANTERA Y TRASERA IZQ.,1,"6,6116",,
110799,2763,ANCLAJE DE RUEDA,2,"2,8926",,
,,,,,,
110795,30/12/14 16:42,9753,JUAN GARCIA IBA�EZ,2693-CZN PEUGEOT 307 BD.,96125,JESUS
110795,6278,195/65 VR15 MABOR SPORT-JET 2  91V (By Continental),4,"42,2231",,
